{"cameraMode":{"drawMode":0,"name":"Shaded","section":"Shading Mode"},"sceneLighting":true,"audioPlay":false,"sceneViewState":{"showFog":true,"showMaterialUpdate":false,"showSkybox":true,"showFlares":true,"showImageEffects":true,"showParticleSystems":true},"in2DMode":false,"pivot":{"x":-2.227156639099121,"y":23.19086456298828,"z":73.2472915649414},"rotation":{"x":0.1416115015745163,"y":-0.6145311594009399,"z":0.11334896087646485,"w":0.7677563428878784},"size":92.99800872802735,"orthographic":false}